#category,NBA Players
#primary,Name
#field,Championships,optional
#field,Seasons Played,optional
#field,Points,optional
#field,Assists,optional
#field,Rebounds,optional
#field,MVP Awards,optional
#field,All-Star Selections,optional
#field,Finals Appearances,optional
Name,Championships,Seasons Played,Points,Assists,Rebounds,MVP Awards,All-Star Selections,Finals Appearances
Aaron Gordon,,,,,,,,
Adam Morrison,,,,,,,,
Allen Iverson,0,14,24368,5674,3394,1,11,1
Anthony Davis,1,14,19525,2614,8627,0,10,1
Austin Reaves,,,,,,,,
Bam Adebayo,,,,,,,,
Ben Gordon,,,,,,,,
Ben Simmons,,,,,,,,
Ben Wallace,,,,,,,,
Bill Russell,11,13,14522,4100,21620,5,12,13
Bill Sharman,4,11,12636,2127,2763,0,8,4
Bill Walton,2,10,6215,1590,4923,1,2,2
Billy Cunningham,1,11,19260,3476,8649,1,6,2
Bob Cousy,1,13,16960,6949,5441,0,12,2
Bob McAdoo,0,14,18787,1501,8601,1,5,0
Bob Pettit,1,11,20880,2369,12851,2,11,4
Brad Miller,,,,,,,,
Bradley Beal,,,,,,,,
Brandon Jennings,,,,,,,,
Bronny James,,,,,,,,
Brook Lopez,,,,,,,,
Cade Cunningham,,,,,,,,
Carl Landry,,,,,,,,
Carlos Arroyo,,,,,,,,
Carlos Boozer,,,,,,,,
Carmelo Anthony,0,19,28289,3394,7806,0,10,0
Charles Barkley,0,16,23757,4217,12546,1,11,1
Chris Bosh,,,,,,,,
Chris Paul,0,19,20165,12552,4129,0,11,1
Chris Webber,,,,,,,,
Clyde Drexler,1,15,22895,6125,6677,0,10,3
Craig Ehlo,,,,,,,,
Damian Lillard,0,13,22569,6027,3862,0,9,0
Danny Green,,,,,,,,
Darius Garland,,,,,,,,
Dave Bing,0,12,18327,5397,2441,0,5,0
Dave Cowens,2,11,17382,3476,13192,1,8,2
Dave DeBusschere,2,12,14053,2497,9618,0,8,2
David Robinson,2,14,20790,3502,10497,1,10,2
DeMar DeRozan,,,,,,,,
DeMarcus Cousins,,,,,,,,
Dennis Rodman,5,14,6683,1516,11954,0,8,5
Derek Fisher,,,,,,,,
Deron Williams,,,,,,,,
Derrick Rose,,,,,,,,
Dirk Nowitzki,1,21,31560,3651,11489,1,14,2
Doc Rivers,,,,,,,,
Dolph Schayes,0,15,18438,3072,12455,0,12,2
Dominique Wilkins,0,15,26668,3060,7169,0,9,0
Donovan Mitchell,,,,,,,,
Draymond Green,,,,,,,,
Dwight Howard,,,,,,,,
Dwyane Wade,3,16,23272,5701,4933,0,13,6
Earl Monroe,0,13,17454,3564,3942,0,4,0
Elgin Baylor,1,14,23149,3650,11463,0,11,8
Elvin Hayes,0,16,27313,1971,12289,0,12,2
Emeka Okafor,,,,,,,,
Evan Mobley,,,,,,,,
Evan Turner,,,,,,,,
Gary Payton,0,17,21813,8966,3996,0,9,0
George Gervin,0,14,26595,3449,4541,0,9,0
George Mikan,5,7,10156,1237,5862,0,4,5
Giannis Antetokounmpo,2,13,21531,4484,9589,2,9,2
Greg Oden,,,,,,,,
Hakeem Olajuwon,2,18,26946,3058,13748,1,12,2
Hal Greer,0,15,21586,4540,5665,0,10,0
Isiah Thomas,2,13,18822,9061,3478,0,6,2
J.R. Smith,,,,,,,,
Jameer Nelson,,,,,,,,
James Harden,0,17,29309,8938,6838,0,11,1
James Worthy,3,12,16320,3468,5361,0,7,3
Jarrett Allen,,,,,,,,
Jarrett Jack,,,,,,,,
Jason Kidd,1,19,17529,12091,7888,0,10,3
Jaylen Brown,,,,,,,,
Jayson Tatum,,,,,,,,
Jerry Lucas,1,11,12146,3966,12890,1,10,1
Jerry West,1,14,25192,6238,5376,0,14,9
Joakim Noah,,,,,,,,
Joel Embiid,,,,,,,,
John Havlicek,8,16,26395,6114,8007,0,13,8
John Stockton,0,19,19711,15806,4351,0,10,2
John Wall,,,,,,,,
Jrue Holiday,,,,,,,,
Julius Erving,1,11,18364,3254,5601,1,11,5
Kareem Abdul-Jabbar,6,20,38387,5660,17440,6,19,8
Karl Anthony-Towns,1,,,,,,,1
Karl Malone,0,19,36928,5248,14968,2,14,2
Kawhi Leonard,2,13,16546,3502,4621,0,7,2
Kevin Durant,2,18,32597,5280,8416,1,13,5
Kevin Garnett,1,21,26071,5445,14662,1,15,2
Kevin McHale,3,13,17335,1670,7122,0,7,3
Khris Middleton,,,,,,,,
Klay Thompson,,,,,,,,
Kobe Bryant,5,20,33643,6306,7047,1,18,6
Kurt Thomas,,,,,,,,
Kwame Brown,,,,,,,,
Kyle Korver,,,,,,,,
Kyle Lowry,,,,,,,,
Kyrie Irving,,,,,,,,
LaMelo Ball,,,,,,,,
Larry Bird,3,13,21791,5695,8974,3,12,5
LeBron James,4,22,43440,12016,10452,4,19,10
Lenny Wilkens,1,15,17338,7211,3155,0,7,1
Lonzo Ball,,,,,,,,
Lou Williams,0,,,,,,,
Luka Doncic,,,,,,,,
Luke Walton,,,,,,,,
Magic Johnson,5,12,17707,10141,6559,3,12,8
Marc Gasol,,,,,,,,
Matt Bonner,,,,,,,,
Michael Jordan,6,15,32292,5633,6672,5,13,6
Michael Redd,,,,,,,,
Mike Bibby,,,,,,,,
Mike Miller,,,,,,,,
Mo Williams,,,,,,,,
Monta Ellis,,,,,,,,
Moses Malone,0,19,29580,1860,17834,3,12,4
Nate Archibald,1,14,16841,6476,2046,0,7,1
Nate Thurmond,0,14,14437,2575,14464,0,7,0
Nikola Jokic,,,,,,,,
Nikola Jovic,,,,,,,,
Nikola Vucevic,,,,,,,,
Oscar Robertson,1,14,26710,9887,7804,1,12,1
P.J. Tucker,,,,,,,,
Patrick Ewing,0,17,24815,2973,13769,0,11,2
Pau Gasol,,,,,,,,
Paul Arizin,0,10,16266,1858,6129,0,10,1
Paul George,,,,,,,,
Paul Pierce,1,19,26397,3643,6651,0,10,4
Pete Maravich,0,10,15948,3563,2747,0,5,0
Raja Bell,,,,,,,,
Rajon Rondo,,,,,,,,
Rashard Lewis,,,,,,,,
Ray Allen,2,18,24505,4268,5369,0,10,4
Reggie Miller,0,18,25279,3956,2562,0,5,0
Richard Hamilton,,,,,,,,
Rick Barry,1,14,25279,4017,6363,0,12,5
Robert Parish,4,21,23334,2317,14462,0,9,0
Robin Lopez,,,,,,,,
Russell Westbrook,0,18,27673,10135,8926,1,9,1
Sam Jones,10,12,10844,2149,4616,0,5,10
Scott Brooks,,,,,,,,
Scottie Barnes,,,,,,,,
Scottie Pippen,6,17,18940,6135,7494,0,8,6
Shannon Brown,,,,,,,,
Shaquille O'Neal,4,19,28596,3026,13099,4,15,6
Shawn Kemp,,,,,,,,
Stephen Curry,4,17,26528,6743,3637,2,9,5
Steve Kerr,,,,,,,,
Steve Nash,0,18,14743,10335,2438,2,8,0
Tim Duncan,5,17,26496,4225,15091,2,15,6
Tiny Archibald,1,14,16841,6476,2046,0,7,1
Tony Parker,,,,,,,,
Tracy McGrady,,,,,,,,
Tyler Herro,,,,,,,,
Vince Carter,,,,,,,,
Walker Kessler,,,,,,,,
Walt Frazier,2,13,15581,5040,4830,0,7,2
Wes Unseld,1,14,10624,5340,13769,1,5,3
Willis Reed,2,10,12183,1186,8387,0,7,2
Wilt Chamberlain,2,14,31419,4643,23924,4,13,5
Yao Ming,,,,,,,,
Zion Williamson,,,,,,,,